Row,mean,std
px,0.0108875737550468,0.00866358472301415
py,0.0121754157919901,0.00817787667416758
theta,0.00432657064132837,0.00363679451724282
phi,0.00771801028590914,0.00599930721917269
v,0.00783900397176516,0.00607970055949028
