Row,mean,std
px,0.00614836165185009,0.00504752612365067
py,0.0101638118806774,0.00736503343248796
theta,0.0050965216414656,0.00430765792375897
phi,0.00771801028591028,0.0059993072191745
v,0.00783900397177564,0.00607970055949748
