Row,mean,std
px,0.543399954974114,0.331600897291789
py,0.202505278936696,0.15344339621473
theta,0.101827330108281,0.079722577908232
phi,0.0257432209164365,0.0198279997079955
v,0.0254507231011233,0.018964605525153
